{"cameraMode":{"drawMode":0,"name":"Shaded","section":"Shading Mode"},"sceneLighting":false,"audioPlay":false,"sceneViewState":{"showFog":true,"showMaterialUpdate":false,"showSkybox":true,"showFlares":true,"showImageEffects":true,"showParticleSystems":true},"in2DMode":false,"pivot":{"x":0.30888670682907107,"y":-0.6468693017959595,"z":-0.5533294677734375},"rotation":{"x":0.1369246542453766,"y":-0.025255436077713968,"z":0.003501503961160779,"w":0.9902805685997009},"size":3.4247887134552,"orthographic":false}