{"cameraMode":{"drawMode":0,"name":"Shaded","section":"Shading Mode"},"sceneLighting":false,"audioPlay":false,"sceneViewState":{"showFog":true,"showMaterialUpdate":false,"showSkybox":true,"showFlares":true,"showImageEffects":true,"showParticleSystems":true},"in2DMode":false,"pivot":{"x":-24.279687881469728,"y":31.710554122924806,"z":15.6741304397583},"rotation":{"x":-0.13451428711414338,"y":0.21872301399707795,"z":-0.030310817062854768,"w":-0.9661175012588501},"size":7.964016437530518,"orthographic":false}