{"cameraMode":{"drawMode":0,"name":"Shaded","section":"Shading Mode"},"sceneLighting":false,"audioPlay":false,"sceneViewState":{"showFog":true,"showMaterialUpdate":false,"showSkybox":true,"showFlares":true,"showImageEffects":true,"showParticleSystems":true},"in2DMode":false,"pivot":{"x":-0.45628324151039126,"y":-0.09120738506317139,"z":3.110628128051758},"rotation":{"x":0.07133013755083084,"y":0.01496181357651949,"z":-0.0010645899455994368,"w":0.9973564147949219},"size":4.507394790649414,"orthographic":false}