{"cameraMode":{"drawMode":0,"name":"Shaded","section":"Shading Mode"},"sceneLighting":false,"audioPlay":false,"sceneViewState":{"showFog":true,"showMaterialUpdate":false,"showSkybox":true,"showFlares":true,"showImageEffects":true,"showParticleSystems":true},"in2DMode":false,"pivot":{"x":1.341773271560669,"y":-4.750336647033691,"z":7.640332221984863},"rotation":{"x":0.16569678485393525,"y":0.02130691148340702,"z":-0.0035528780426830055,"w":0.985966145992279},"size":6.17829704284668,"orthographic":false}