{"cameraMode":{"drawMode":0,"name":"Shaded","section":"Shading Mode"},"sceneLighting":false,"audioPlay":false,"sceneViewState":{"showFog":true,"showMaterialUpdate":false,"showSkybox":true,"showFlares":true,"showImageEffects":true,"showParticleSystems":true},"in2DMode":false,"pivot":{"x":-0.33767983317375185,"y":-0.3457709550857544,"z":2.0586185455322267},"rotation":{"x":0.08272943645715714,"y":0.0014801882207393647,"z":0.00004072246520081535,"w":0.9967230558395386},"size":4.166028022766113,"orthographic":false}