{"cameraMode":{"drawMode":0,"name":"Shaded","section":"Shading Mode"},"sceneLighting":false,"audioPlay":false,"sceneViewState":{"showFog":true,"showMaterialUpdate":false,"showSkybox":true,"showFlares":true,"showImageEffects":true,"showParticleSystems":true},"in2DMode":false,"pivot":{"x":-10.178595542907715,"y":3.621896743774414,"z":-2.0214574337005617},"rotation":{"x":0.03413733094930649,"y":0.7155758738517761,"z":0.03539411351084709,"w":-0.6969338655471802},"size":9.831338882446289,"orthographic":false}